{"cameraMode":{"drawMode":0,"name":"Shaded","section":"Shading Mode"},"sceneLighting":false,"audioPlay":false,"sceneViewState":{"showFog":true,"showMaterialUpdate":false,"showSkybox":false,"showFlares":true,"showImageEffects":true,"showParticleSystems":true},"in2DMode":false,"pivot":{"x":0.0,"y":0.4925000071525574,"z":0.47749999165534975},"rotation":{"x":-0.1873530000448227,"y":0.6327244639396668,"z":-0.16147902607917787,"w":-0.7340068221092224},"size":2.3984949588775636,"orthographic":true}