{"cameraMode":{"drawMode":0,"name":"Shaded","section":"Shading Mode"},"sceneLighting":false,"audioPlay":false,"sceneViewState":{"showFog":true,"showMaterialUpdate":false,"showSkybox":false,"showFlares":true,"showImageEffects":true,"showParticleSystems":true},"in2DMode":false,"pivot":{"x":-10.739975929260254,"y":0.3611637055873871,"z":2.2425005435943605},"rotation":{"x":-0.565091609954834,"y":-0.0705273374915123,"z":0.04924473538994789,"w":-0.8207781314849854},"size":2.019509792327881,"orthographic":false}