{"cameraMode":{"drawMode":0,"name":"Shaded","section":"Shading Mode"},"sceneLighting":false,"audioPlay":false,"sceneViewState":{"showFog":true,"showMaterialUpdate":false,"showSkybox":false,"showFlares":true,"showImageEffects":true,"showParticleSystems":true},"in2DMode":false,"pivot":{"x":25.064916610717775,"y":7.800000190734863,"z":-83.10469055175781},"rotation":{"x":-0.13728497922420503,"y":-0.25170713663101199,"z":0.03648745268583298,"w":-0.9575360417366028},"size":24.177989959716798,"orthographic":false}