{"cameraMode":{"drawMode":0,"name":"Shaded","section":"Shading Mode"},"sceneLighting":false,"audioPlay":false,"sceneViewState":{"showFog":true,"showMaterialUpdate":false,"showSkybox":false,"showFlares":true,"showImageEffects":true,"showParticleSystems":true},"in2DMode":false,"pivot":{"x":-10.206999778747559,"y":0.02199999988079071,"z":2.0309998989105226},"rotation":{"x":-0.565091609954834,"y":-0.0705273374915123,"z":0.04924473538994789,"w":-0.8207781314849854},"size":0.5131204128265381,"orthographic":false}