{"cameraMode":{"drawMode":0,"name":"Shaded","section":"Shading Mode"},"sceneLighting":false,"audioPlay":false,"sceneViewState":{"showFog":true,"showMaterialUpdate":false,"showSkybox":false,"showFlares":true,"showImageEffects":true,"showParticleSystems":true},"in2DMode":false,"pivot":{"x":-10.739975929260254,"y":0.3611637055873871,"z":2.2425005435943605},"rotation":{"x":-0.11514206975698471,"y":-0.04225385934114456,"z":0.005453778430819511,"w":-0.9926387667655945},"size":2.019509792327881,"orthographic":false}