{"cameraMode":{"drawMode":0,"name":"Shaded","section":"Shading Mode"},"sceneLighting":false,"audioPlay":false,"sceneViewState":{"showFog":true,"showMaterialUpdate":false,"showSkybox":false,"showFlares":true,"showImageEffects":true,"showParticleSystems":true},"in2DMode":false,"pivot":{"x":-12.682373046875,"y":1.175048828125,"z":-1.2361373901367188},"rotation":{"x":-0.046197082847356799,"y":0.6365518569946289,"z":-0.038232218474149707,"w":-0.7689188122749329},"size":2.30180025100708,"orthographic":true}