{"cameraMode":{"drawMode":0,"name":"Shaded","section":"Shading Mode"},"sceneLighting":false,"audioPlay":false,"sceneViewState":{"showFog":true,"showMaterialUpdate":false,"showSkybox":false,"showFlares":true,"showImageEffects":true,"showParticleSystems":true},"in2DMode":false,"pivot":{"x":61.64527893066406,"y":343.5999755859375,"z":-8.050003051757813},"rotation":{"x":0.12550589442253114,"y":0.19654761254787446,"z":-0.025377672165632249,"w":0.9720999598503113},"size":1438.03759765625,"orthographic":true}