{"cameraMode":{"drawMode":0,"name":"Shaded","section":"Shading Mode"},"sceneLighting":false,"audioPlay":false,"sceneViewState":{"showFog":true,"showMaterialUpdate":false,"showSkybox":false,"showFlares":true,"showImageEffects":true,"showParticleSystems":true},"in2DMode":false,"pivot":{"x":-12.399999618530274,"y":-0.33000001311302187,"z":0.10684500634670258},"rotation":{"x":0.11292381584644318,"y":-0.4908542335033417,"z":0.06351836025714874,"w":0.8618210554122925},"size":0.7287858724594116,"orthographic":true}