{"cameraMode":{"drawMode":0,"name":"Shaded","section":"Shading Mode"},"sceneLighting":false,"audioPlay":false,"sceneViewState":{"showFog":true,"showMaterialUpdate":false,"showSkybox":false,"showFlares":true,"showImageEffects":true,"showParticleSystems":true},"in2DMode":false,"pivot":{"x":-10.35313606262207,"y":0.43520045280456545,"z":0.008698716759681702},"rotation":{"x":0.2522110641002655,"y":-0.627405047416687,"z":0.2245771884918213,"w":0.701981246471405},"size":0.2758035659790039,"orthographic":true}