{"cameraMode":{"drawMode":0,"name":"Shaded","section":"Shading Mode"},"sceneLighting":false,"audioPlay":false,"sceneViewState":{"showFog":true,"showMaterialUpdate":false,"showSkybox":false,"showFlares":true,"showImageEffects":true,"showParticleSystems":true},"in2DMode":false,"pivot":{"x":25.281648635864259,"y":6.332731246948242,"z":-82.46955108642578},"rotation":{"x":0.11613459140062332,"y":0.004469364881515503,"z":-0.0005227088695392013,"w":0.9932248592376709},"size":26.216054916381837,"orthographic":true}