{"cameraMode":{"drawMode":0,"name":"Shaded","section":"Shading Mode"},"sceneLighting":true,"audioPlay":false,"sceneViewState":{"showFog":true,"showMaterialUpdate":false,"showSkybox":true,"showFlares":true,"showImageEffects":true,"showParticleSystems":true},"in2DMode":false,"pivot":{"x":0.5690817832946777,"y":0.5685549974441528,"z":3.3794450759887697},"rotation":{"x":0.18114644289016725,"y":0.27610546350479128,"z":-0.053071219474077228,"w":0.9424173831939697},"size":2.064893960952759,"orthographic":true}