{"cameraMode":{"drawMode":0,"name":"Shaded","section":"Shading Mode"},"sceneLighting":true,"audioPlay":false,"sceneViewState":{"showFog":true,"showMaterialUpdate":false,"showSkybox":false,"showFlares":true,"showImageEffects":true,"showParticleSystems":true},"in2DMode":false,"pivot":{"x":-37.15999984741211,"y":8.449999809265137,"z":6.079999923706055},"rotation":{"x":0.16508498787879945,"y":-0.02514740079641342,"z":0.0042105247266590599,"w":0.9859517812728882},"size":22.0,"orthographic":true}