{"cameraMode":{"drawMode":0,"name":"Shaded","section":"Shading Mode"},"sceneLighting":false,"audioPlay":false,"sceneViewState":{"showFog":true,"showMaterialUpdate":false,"showSkybox":false,"showFlares":true,"showImageEffects":true,"showParticleSystems":true},"in2DMode":false,"pivot":{"x":-10.727628707885743,"y":0.3612159788608551,"z":2.350956439971924},"rotation":{"x":-0.05235212296247482,"y":-0.06794332712888718,"z":0.0037924384232610466,"w":-0.9964995980262756},"size":1.108063817024231,"orthographic":true}