{"cameraMode":{"drawMode":0,"name":"Shaded","section":"Shading Mode"},"sceneLighting":false,"audioPlay":false,"sceneViewState":{"showFog":true,"showMaterialUpdate":false,"showSkybox":false,"showFlares":true,"showImageEffects":true,"showParticleSystems":true},"in2DMode":false,"pivot":{"x":-10.59000015258789,"y":6.891180515289307,"z":2.7830874919891359},"rotation":{"x":0.07139310240745545,"y":0.2775084674358368,"z":-0.020686589181423188,"w":0.9578470587730408},"size":21.490760803222658,"orthographic":true}