{"cameraMode":{"drawMode":0,"name":"Shaded","section":"Shading Mode"},"sceneLighting":false,"audioPlay":false,"sceneViewState":{"showFog":true,"showMaterialUpdate":false,"showSkybox":false,"showFlares":true,"showImageEffects":true,"showParticleSystems":true},"in2DMode":false,"pivot":{"x":-13.7005615234375,"y":0.85687255859375,"z":-1.1103515625},"rotation":{"x":0.1115252748131752,"y":-0.723037838935852,"z":0.11981876939535141,"w":0.6714448928833008},"size":1.0729209184646607,"orthographic":true}