{"cameraMode":{"drawMode":0,"name":"Shaded","section":"Shading Mode"},"sceneLighting":false,"audioPlay":false,"sceneViewState":{"showFog":true,"showMaterialUpdate":false,"showSkybox":false,"showFlares":true,"showImageEffects":true,"showParticleSystems":true},"in2DMode":false,"pivot":{"x":-11.549999237060547,"y":0.8499997854232788,"z":-0.7699999809265137},"rotation":{"x":0.28735458850860598,"y":-0.6653326153755188,"z":0.30948546528816225,"w":0.6159861087799072},"size":23.873676300048829,"orthographic":true}