{"cameraMode":{"drawMode":0,"name":"Shaded","section":"Shading Mode"},"sceneLighting":false,"audioPlay":false,"sceneViewState":{"showFog":true,"showMaterialUpdate":false,"showSkybox":false,"showFlares":true,"showImageEffects":true,"showParticleSystems":true},"in2DMode":false,"pivot":{"x":110.00686645507813,"y":304.49517822265627,"z":0.008698716759681702},"rotation":{"x":-0.2571885287761688,"y":0.7387999892234802,"z":-0.48298221826553347,"w":-0.3934071660041809},"size":0.27580395340919497,"orthographic":true}