{"cameraMode":{"drawMode":0,"name":"Shaded","section":"Shading Mode"},"sceneLighting":false,"audioPlay":false,"sceneViewState":{"showFog":true,"showMaterialUpdate":false,"showSkybox":false,"showFlares":true,"showImageEffects":true,"showParticleSystems":true},"in2DMode":false,"pivot":{"x":2.384185791015625e-7,"y":0.08088459074497223,"z":-2.384185791015625e-7},"rotation":{"x":-0.4577059745788574,"y":-0.020308349281549455,"z":0.010925869457423687,"w":-0.8889267444610596},"size":3.0970849990844728,"orthographic":true}